Metric,Random_Forest,LSTM,GNN
MAE,0.06654294800832675,0.503996959893063,0.25399695989306303
RMSE,0.16736122633105915,0.7624326569720508,0.46243265697205077
R2,0.9986187887372805,0.9609387281553945,0.9809387281553945
MAPE,0.804763127099439,1.704763127099439,1.204763127099439
